-- MySQL Script generated by MySQL Workbench
-- Sun Nov  6 17:48:25 2022
-- Model: New Model    Version: 1.0
-- MySQL Workbench Forward Engineering

SET @OLD_UNIQUE_CHECKS=@@UNIQUE_CHECKS, UNIQUE_CHECKS=0;
SET @OLD_FOREIGN_KEY_CHECKS=@@FOREIGN_KEY_CHECKS, FOREIGN_KEY_CHECKS=0;
SET @OLD_SQL_MODE=@@SQL_MODE, SQL_MODE='ONLY_FULL_GROUP_BY,STRICT_TRANS_TABLES,NO_ZERO_IN_DATE,NO_ZERO_DATE,ERROR_FOR_DIVISION_BY_ZERO,NO_ENGINE_SUBSTITUTION';

-- -----------------------------------------------------
-- Schema proyecto_orm
-- -----------------------------------------------------
DROP SCHEMA IF EXISTS `proyecto_orm` ;

-- -----------------------------------------------------
-- Schema proyecto_orm
-- -----------------------------------------------------
CREATE SCHEMA IF NOT EXISTS `proyecto_orm` DEFAULT CHARACTER SET utf8 ;
USE `proyecto_orm` ;

-- -----------------------------------------------------
-- Table `proyecto_orm`.`PRODUCTORA`
-- -----------------------------------------------------
DROP TABLE IF EXISTS `proyecto_orm`.`PRODUCTORA` ;

CREATE TABLE IF NOT EXISTS `proyecto_orm`.`PRODUCTORA` (
  `NOMBRE` VARCHAR(30) NOT NULL,
  `LOCALIDAD` VARCHAR(30) NULL,
  `DIRECTOR` VARCHAR(30) NULL,
  PRIMARY KEY (`NOMBRE`))
ENGINE = InnoDB;


-- -----------------------------------------------------
-- Table `proyecto_orm`.`SERVIDOR`
-- -----------------------------------------------------
DROP TABLE IF EXISTS `proyecto_orm`.`SERVIDOR` ;

CREATE TABLE IF NOT EXISTS `proyecto_orm`.`SERVIDOR` (
  `ID` INT NOT NULL AUTO_INCREMENT,
  `CAPACIDAD` INT NOT NULL,
  PRIMARY KEY (`ID`),
  UNIQUE INDEX `ID_UNIQUE` (`ID` ASC) VISIBLE)
ENGINE = InnoDB;


-- -----------------------------------------------------
-- Table `proyecto_orm`.`JUEGO`
-- -----------------------------------------------------
DROP TABLE IF EXISTS `proyecto_orm`.`JUEGO` ;

CREATE TABLE IF NOT EXISTS `proyecto_orm`.`JUEGO` (
  `ID` INT NOT NULL AUTO_INCREMENT,
  `NOMBRE` VARCHAR(30) NOT NULL,
  `VENTAS` INT NULL,
  `LANZAMIENTO` DATE NULL,
  `PRODUCTORA_NOMBRE` VARCHAR(30) NOT NULL,
  `SERVIDOR_ID` INT NULL,
  PRIMARY KEY (`ID`),
  UNIQUE INDEX `ID_UNIQUE` (`ID` ASC) VISIBLE,
  INDEX `fk_JUEGO_PRODUCTORA1_idx` (`PRODUCTORA_NOMBRE` ASC) VISIBLE,
  INDEX `fk_JUEGO_SERVIDOR1_idx` (`SERVIDOR_ID` ASC) VISIBLE,
  CONSTRAINT `fk_JUEGO_PRODUCTORA1`
    FOREIGN KEY (`PRODUCTORA_NOMBRE`)
    REFERENCES `proyecto_orm`.`PRODUCTORA` (`NOMBRE`)
    ON DELETE NO ACTION
    ON UPDATE NO ACTION,
  CONSTRAINT `fk_JUEGO_SERVIDOR1`
    FOREIGN KEY (`SERVIDOR_ID`)
    REFERENCES `proyecto_orm`.`SERVIDOR` (`ID`)
    ON DELETE NO ACTION
    ON UPDATE NO ACTION)
ENGINE = InnoDB;


-- -----------------------------------------------------
-- Table `proyecto_orm`.`DISTRIBUIDORA`
-- -----------------------------------------------------
DROP TABLE IF EXISTS `proyecto_orm`.`DISTRIBUIDORA` ;

CREATE TABLE IF NOT EXISTS `proyecto_orm`.`DISTRIBUIDORA` (
  `NOMBRE` VARCHAR(30) NOT NULL,
  `PLATAFORMA` ENUM("Steam", "Pc", "Xbox", "Nintendo Switch", "PlayStation") NOT NULL,
  PRIMARY KEY (`NOMBRE`))
ENGINE = InnoDB;


-- -----------------------------------------------------
-- Table `proyecto_orm`.`J_D`
-- -----------------------------------------------------
DROP TABLE IF EXISTS `proyecto_orm`.`J_D` ;

CREATE TABLE IF NOT EXISTS `proyecto_orm`.`J_D` (
  `ID` INT NOT NULL,
  `NOMBRE` VARCHAR(30) NOT NULL,
  PRIMARY KEY (`ID`, `NOMBRE`),
  INDEX `fk_JUEGO_has_DISTRIBUIDORA_DISTRIBUIDORA1_idx` (`NOMBRE` ASC) VISIBLE,
  INDEX `fk_JUEGO_has_DISTRIBUIDORA_JUEGO1_idx` (`ID` ASC) VISIBLE,
  CONSTRAINT `fk_JUEGO_has_DISTRIBUIDORA_JUEGO1`
    FOREIGN KEY (`ID`)
    REFERENCES `proyecto_orm`.`JUEGO` (`ID`)
    ON DELETE NO ACTION
    ON UPDATE NO ACTION,
  CONSTRAINT `fk_JUEGO_has_DISTRIBUIDORA_DISTRIBUIDORA1`
    FOREIGN KEY (`NOMBRE`)
    REFERENCES `proyecto_orm`.`DISTRIBUIDORA` (`NOMBRE`)
    ON DELETE NO ACTION
    ON UPDATE NO ACTION)
ENGINE = InnoDB;


SET SQL_MODE=@OLD_SQL_MODE;
SET FOREIGN_KEY_CHECKS=@OLD_FOREIGN_KEY_CHECKS;
SET UNIQUE_CHECKS=@OLD_UNIQUE_CHECKS;

-- -----------------------------------------------------
-- Data for table `proyecto_orm`.`PRODUCTORA`
-- -----------------------------------------------------
START TRANSACTION;
USE `proyecto_orm`;
INSERT INTO `proyecto_orm`.`PRODUCTORA` (`NOMBRE`, `LOCALIDAD`, `DIRECTOR`) VALUES ('Prod1', 'Madrid', 'Dir1');
INSERT INTO `proyecto_orm`.`PRODUCTORA` (`NOMBRE`, `LOCALIDAD`, `DIRECTOR`) VALUES ('Prod2', 'Zaragoza', 'Dir2');
INSERT INTO `proyecto_orm`.`PRODUCTORA` (`NOMBRE`, `LOCALIDAD`, `DIRECTOR`) VALUES ('Prod3', 'Elche', 'Dir3');

COMMIT;


-- -----------------------------------------------------
-- Data for table `proyecto_orm`.`SERVIDOR`
-- -----------------------------------------------------
START TRANSACTION;
USE `proyecto_orm`;
INSERT INTO `proyecto_orm`.`SERVIDOR` (`ID`, `CAPACIDAD`) VALUES (1, 100);
INSERT INTO `proyecto_orm`.`SERVIDOR` (`ID`, `CAPACIDAD`) VALUES (2, 50);

COMMIT;


-- -----------------------------------------------------
-- Data for table `proyecto_orm`.`JUEGO`
-- -----------------------------------------------------
START TRANSACTION;
USE `proyecto_orm`;
INSERT INTO `proyecto_orm`.`JUEGO` (`ID`, `NOMBRE`, `VENTAS`, `LANZAMIENTO`, `PRODUCTORA_NOMBRE`, `SERVIDOR_ID`) VALUES (DEFAULT, 'Juego1', 100, '2020-06-03', 'Prod1', 1);
INSERT INTO `proyecto_orm`.`JUEGO` (`ID`, `NOMBRE`, `VENTAS`, `LANZAMIENTO`, `PRODUCTORA_NOMBRE`, `SERVIDOR_ID`) VALUES (DEFAULT, 'Juego2', 20, '2010-01-01', 'Prod2', NULL);
INSERT INTO `proyecto_orm`.`JUEGO` (`ID`, `NOMBRE`, `VENTAS`, `LANZAMIENTO`, `PRODUCTORA_NOMBRE`, `SERVIDOR_ID`) VALUES (DEFAULT, 'Juego3', 50, '2015-03-05', 'Prod1', 2);

COMMIT;


-- -----------------------------------------------------
-- Data for table `proyecto_orm`.`DISTRIBUIDORA`
-- -----------------------------------------------------
START TRANSACTION;
USE `proyecto_orm`;
INSERT INTO `proyecto_orm`.`DISTRIBUIDORA` (`NOMBRE`, `PLATAFORMA`) VALUES ('Dis1', 'Steam');
INSERT INTO `proyecto_orm`.`DISTRIBUIDORA` (`NOMBRE`, `PLATAFORMA`) VALUES ('Dis2', 'Xbox');
INSERT INTO `proyecto_orm`.`DISTRIBUIDORA` (`NOMBRE`, `PLATAFORMA`) VALUES ('Dis3', 'PC');

COMMIT;


-- -----------------------------------------------------
-- Data for table `proyecto_orm`.`J_D`
-- -----------------------------------------------------
START TRANSACTION;
USE `proyecto_orm`;
INSERT INTO `proyecto_orm`.`J_D` (`ID`, `NOMBRE`) VALUES (1, 'Dis1');
INSERT INTO `proyecto_orm`.`J_D` (`ID`, `NOMBRE`) VALUES (1, 'Dis2');
INSERT INTO `proyecto_orm`.`J_D` (`ID`, `NOMBRE`) VALUES (2, 'Dis3');
INSERT INTO `proyecto_orm`.`J_D` (`ID`, `NOMBRE`) VALUES (3, 'Dis2');
INSERT INTO `proyecto_orm`.`J_D` (`ID`, `NOMBRE`) VALUES (3, 'Dis3');

COMMIT;

Select * From Juego;
Select * From Distribuidora;
Select * From Productora;